tsne1,tsne2,tsne3,reddit_num,PC1,PC2,PC3,PC4,PC5,PC6,PC7,PC8,PC9,PC10
1.9186100589959,27.0561742645276,-5.7478788368991,6,-0.282847630565237,0.374610122141141,-0.128686472692928,-0.034298885435445,0.238897552741498,-0.0802204764476364,0.0334287770497747,0.172211019006562,-0.224180680228956,0.0367155041269598
-1.68768259846638,-3.89457469630918,23.1815886654033,0,0.318978399311556,0.0185713043986848,-0.194303347905101,-0.0808327097689395,0.134286281940827,0.256449811611462,0.0124907723771854,0.159019778236558,0.0653976774037916,0.181501793852438
3.73868170824204,8.67194764901525,-18.9252306211045,3,-0.128385767412943,0.0732331021707122,0.0781027891664579,-0.154566188111663,-0.0376766616440275,-0.00935982923508618,-0.206204088049145,-0.0080649692910289,-0.147873453081606,-0.196806555562457
1.05003305129548,2.60261283150885,-16.8872014103837,2,-0.174613650190558,0.189129004976829,0.29802451472879,-0.0633479434998492,-0.0458137940964497,0.068773529013017,-0.211103162796396,-0.192507284070891,0.128275704162977,-0.00755014693019617
-12.0165116359308,3.88583159025445,2.76716154793781,5,-0.164077095986532,-0.00909247285720937,0.0369207547538963,0.0169148334062334,-0.196090797692761,0.065519100306267,0.188895172668996,-0.0553723743831144,0.144806804826776,-0.223350485200986
10.1906839416045,29.8431419279077,9.80305231518646,1,-0.11144646795446,0.192475708346305,-0.308860947302371,-0.143515219604184,-0.0911418269474133,-0.377169052987933,-0.236921421694736,-0.0334041272297562,0.0158429092823043,-0.101104590326596
11.4514685589982,-1.64943879600564,-4.0838407861304,7,-0.11774444465188,0.121491379659041,0.194916222319035,0.0575712913639155,-0.0847000919767435,-0.162871250144697,0.2058328978212,0.0288520650267025,-0.00521744376666879,-0.101822519508618
-16.3586848406628,14.4101812263528,2.86605869292538,8,0.113036604173123,0.078834564978136,-0.36037101741322,0.00715054617029804,-0.154087990747436,0.0285258911274923,0.147698296450577,-0.063669802942637,0.134310471160205,0.130730782559574
-13.3205623456519,-4.4047962671539,-3.61130371590802,9,-0.038325440712247,0.0708604523484444,-0.12028326147231,-0.0446867217560797,-0.174811218826093,-0.113288542421172,0.126145227301082,-0.244822658730195,0.0798750886465247,0.0104392323149258
15.0069399765272,2.29994919089645,-6.96057704056315,4,-0.150457128816318,0.0856270085199535,0.106877489220221,-0.116968237656008,-0.0519543545372057,-0.0195718072735569,-0.0174964447578158,0.206687107633599,0.0668104283151499,0.00506209317816256
-0.415266097958804,-1.91649103431369,-33.1533844619953,3,-0.515017226345246,-0.534055766513168,-0.120590256789133,0.334243613805067,-0.212709424560773,0.0988622446896229,0.096194269491069,-0.00605580190848604,-0.0219001650159715,0.0451872079249084
9.18006769707241,-5.55810440749569,23.8440998522161,0,0.367468348179144,0.0407492871628329,0.114568324859525,0.173840796772433,0.110600047789268,0.145233423956434,0.251940003901834,0.110743789156404,-0.121757712686354,0.0895663810352989
10.9402979327373,26.2543599359924,-1.82771363107962,6,-0.213561586839146,0.44790626783749,-0.123930293796052,-0.0763555690418538,0.0917961799941201,-0.309370205281007,-0.0159195337808161,-0.133391384800052,0.00473619886520313,-0.0111209428596119
6.09138577136591,8.090937260357,11.3447373791102,0,0.00875764243139452,0.119315485834594,0.000364516026805193,0.0429098576604123,0.176511637316468,0.0727006110663459,0.00413351638676234,0.308133832600787,0.372241190304961,-0.0308216271270619
1.98297109070267,-18.3253599686309,1.03529409746067,0,-0.213661455839797,-0.0692995371069184,-0.221814979356546,-0.0239457052214874,-0.340124421321903,-0.0265027827075774,-0.194588821495599,0.0909010179205662,0.0328629113409031,0.127106708525537
0.483511854958413,6.45047875355773,-10.2715636463866,6,-0.183324077663478,0.289890300309781,0.33435097151084,-0.0280399844245678,-0.183330174210901,-0.00284744389100538,0.0277406358543879,-0.0395034476980642,0.0760916797265494,-0.0097296242884809
1.7238671351359,-21.4064832611841,5.15157880654295,0,0.283009777511346,0.0320070310557617,0.0398983982973809,0.0932498954576605,0.165959178120208,0.20932535142145,-0.218281789153684,0.172114836334514,-0.019174714674121,-0.0445410554605892
-10.4680988546672,-27.1084221126724,3.17563035101984,0,0.203951665746819,-0.0611568158393675,-0.0312648413507652,0.22241309955986,-0.186547642666767,0.196437464186838,0.0551247694523341,0.135510909238373,-0.114210121179526,-0.179636349853436
3.28765145771932,9.15113758623099,12.6687883527333,8,-0.0474575249235223,0.199146785041899,-0.315002700512522,-0.0413363877313894,0.108019305800018,-0.0230205231233604,-0.0156453607839012,0.0984404543892356,0.207549288631515,0.131613576683147
7.99913022817361,13.3503204079834,-19.4980672175911,6,-0.320791567273052,0.292756511340777,0.250955228955663,-0.161384798493694,0.0251897166292311,0.177464953504947,-0.229024746685363,-0.0521992696759786,-0.011273565946482,-0.14445898814336
-1.37857044545804,12.1473133463199,-17.2955809798302,3,-0.161913792890896,0.218959619646474,-0.021400705222338,-0.181722535831508,0.111016190838412,0.169715315671189,-0.210650419439201,0.0691028730685418,0.0110556121333139,-0.0895717126696557
-4.48657318806133,4.33186833915388,-21.7081306051581,2,-0.336325001491506,-0.0724878993793843,0.0523008253623732,0.254960055658038,0.0906619065739341,0.0844177132068382,-0.152770288103492,-0.205695123847496,0.0430666185244057,-0.208438256682868
-0.170754376769565,-0.142358121748354,-29.7784675112525,3,-0.385698248950886,-0.461480223406662,-0.120871313616398,0.437057040972279,-0.311475588022536,0.172981369706627,0.091690256311097,-0.03833903377386,0.0177219085423857,-0.0603959004452444
13.8848982726552,9.01788824128271,-17.8665334503881,6,-0.140723841640518,0.209603610676726,-0.00610419866527853,-0.337551271855643,-0.0447050130488603,0.0844266958699982,0.0899728047004894,-0.233757282885987,0.126858740001426,-0.147208770637209
7.84687348181481,11.8713788106785,-19.3698436819262,6,-0.260387085101406,0.324848145259264,0.255342350384264,-0.0778806732979977,0.0027499326070829,0.0773745552655586,-0.153385074881573,-0.253645730021758,-0.168737072784398,-0.0475727093110171
5.03799638188106,27.2240941586363,-10.3633872610838,6,-0.22871278293215,0.356838608192298,-0.304581118946989,-0.0519614082592123,-0.0191063797289433,-0.106955901267909,0.0766183427820535,-0.0167048605930474,-0.242696992097179,0.203535995777672
1.70910289725941,-4.01625482883664,22.2252197876085,0,0.39740132788527,-0.0725755078730945,-0.0817477016917535,0.123342379063219,0.194885377569563,0.112363010815961,-0.0940266618956073,-0.197622167800791,-0.0816415748980819,0.0209034437208212
12.2408459257804,27.3424727408835,-3.09514885932682,1,-0.164215352638586,0.200593240689511,-0.0990028654034782,-0.0466066229843298,0.123238076522023,0.00279009340184014,-0.226317665736055,-0.166806572188589,0.093260669303331,-0.0464144399037014
13.0045719355037,8.23216998155108,-7.26131649528769,6,-0.0955629249803111,0.160744275543162,-0.0052289426700973,0.123546810115347,0.0309301103467024,0.162430777537251,0.197390891608515,0.0825823368338416,-0.137192325549365,0.0451993837321274
-5.28074134534192,-6.22414065252623,25.2121268818827,0,0.429380486277155,-0.0738343040648362,-0.170729064298092,0.0565475691819716,-0.00662688478471856,-0.052383698393535,-0.168476604970448,0.0801461021147775,-0.0857829070971304,0.0723163988744231
7.86532226891581,17.2842844020924,-23.9051349724342,6,-0.276156469181065,0.267460828582042,0.0663431253313621,0.0166182456222544,0.0147823416220113,0.0985865050756681,-0.212267207743684,-0.0228072248234281,-0.155344804617432,0.145716980849088
3.64084705392618,25.6296012582595,1.02113984895467,6,-0.343742551917692,0.208644364725162,-0.132072105009484,-0.0170220301958115,0.0724860666753121,-0.267318452240414,0.0436594077763105,0.275093805559121,-0.218852694232526,-0.0691073724629766
-1.1837307777874,0.0166526780783113,-29.3918126941927,3,-0.481263968551718,-0.427969108575993,-0.0930523144804626,0.44711355660982,-0.3238798890258,0.120416076845066,0.0606430951621511,-0.045913501301168,0.0336051177334315,-0.025809320494319
-2.4677943873732,4.72007974818699,-12.1693474180163,6,-0.325922896338075,0.236886222480485,0.146054469949092,0.207884343157234,-0.184408692494952,-0.0758025332908152,-0.100580998196396,-0.118656929807025,-0.0428827074131081,0.0444981147446255
-1.2282748920745,-17.2589032998197,-14.9380431054351,3,-0.319284231751175,-0.498769249771901,0.00464403284967636,-0.158239863099509,-0.034359736399623,-0.143725480555618,0.0417956438661226,0.0965592957762211,0.00542296946916166,0.163040840018464
-2.46499394412407,-25.7266549380665,-17.8510733346327,3,-0.214595680586872,-0.407728476333669,0.0761968483775232,-0.25909702492645,0.149346158249789,-0.122417618644789,0.172930743418437,-0.161364468642537,-0.0902040318824904,0.00397988657278355
-5.61023201697413,-3.64734062038017,24.5686893911764,0,0.462216334962547,-0.102934020331178,-0.0614738014720456,0.00225162130927382,-0.0258341710669415,-0.00953908264885823,-0.0882685016454553,0.0770415209316917,-0.11117216512373,-0.0396276270654654
-11.47462704746,3.99504292983676,1.64951628476463,0,0.0332413427777036,-0.00641420059649433,0.000867297709953366,0.00534694202152874,-0.154174478391747,-0.0375733012658274,0.0474613699824354,0.174855206265666,0.0414233694513523,-0.106201996567785
2.66213421494167,23.9292902025898,-17.0631558248759,6,-0.218294402310212,0.00364433108415158,-0.0252313700069297,-0.0596751488699614,-0.0265870819976438,0.201062307244883,-0.218722771627084,0.0567854577718225,-0.106616663189738,0.220252516394745
16.1590580282562,1.33347244408929,-8.25868501839176,6,-0.205401576595872,0.107204140502874,0.0848836128874383,-0.234174641058367,-0.120723639406895,0.0169902421853893,0.0176533302629602,0.230475502842082,0.0204706354340161,0.00353470852806052
2.80915899900259,27.0464657877546,-14.2593518430521,6,-0.274404176774048,0.361946124077967,0.094656376690772,-0.123958267295238,-0.0159559072668638,-0.0365455395551633,-0.10954784639663,-0.17461990126915,0.00716202701312133,0.222944932048413
-0.55562053439579,7.74188171343649,-11.8552472959493,2,-0.319158191279792,0.416362922237742,0.292981436567582,0.0724036859112531,0.00920371409842627,0.031993535516799,-0.222725973096036,-0.133511587779426,-0.111085366971341,-0.0875652134840368
10.5499456542861,1.89705568411609,-6.57763876690789,0,-0.110181034071967,0.108290920059312,0.248276780646216,-0.0848111030514586,-0.0608684407972086,-0.0248593597936267,0.133952779122322,0.0732363102945008,0.0728833755448104,-0.24248363539819
7.32441063288615,9.47220722775727,-12.4811254183968,6,-0.171420996737474,0.198993405022725,0.207475958036713,-0.26180673128476,-0.0923762955316315,0.125568125808095,-0.12839855802633,-0.171071914811826,0.0932994688329986,-0.250275081732944
9.29433226236722,12.7920503803288,-19.7331167873325,6,-0.244817912827176,0.258229545818292,0.204481395534549,-0.098294431912701,-0.254791597461047,0.158881020839668,-0.119813950675617,-0.0969045317631698,-0.149563966401714,-0.0178576184042002
12.2944810284478,9.91897270569894,-1.52690876258174,6,-0.224656824673538,0.327238975452738,0.163269601208786,-0.0956764448762934,-0.0368655375282033,-0.285912074714114,-0.0398164519938103,0.190252785204724,0.114045468964367,0.0076138071767492
-5.19501774592665,-1.54420679503805,18.0513164612726,0,0.372650046305608,-0.170708590577902,-0.195662427584805,0.0851192795667534,0.141106242172427,-0.0165633137526406,-0.0293482368455593,-0.140820937402758,-0.193155791235847,0.0591754908197777
7.1043975423348,25.9417135910968,-8.20398139787117,6,-0.265962851471825,0.370236328186729,-0.223712312600383,0.0253010227268098,-0.0200637377618372,0.0905303557621278,0.04180189773665,-0.0970977050057259,-0.321692890026894,0.385147574690058
8.2687983277802,26.5995852895207,-8.51836681081181,6,-0.204310555091093,0.271289799051278,-0.23041059859034,-0.11208037794311,-0.147238538763386,0.109386747688281,-0.00959228449451345,-0.115135678210814,-0.0885521546590022,0.210228091918408
-1.69931522946163,-12.0472555950466,17.2427499634411,0,0.431406505213054,-0.179142515825008,0.019735912547234,-0.0497958717381577,-0.0810213248155578,-0.0980453496573433,0.0913150987957134,-0.0693558929154431,0.165571263457391,0.171855812536849
8.19453861834688,5.97665366646713,-16.6799791654017,6,-0.0938398805120012,0.11807357902833,0.161332462612127,-0.0720246555983602,-0.00223383508398938,-0.168571041630353,-0.180365131772882,0.0448019273473792,-0.0871485910149838,-0.0596648723940884
7.65823329279536,31.94409041896,6.70143895948334,1,-0.202066143237769,0.116913803300599,-0.326554650828135,0.013811271186618,-0.130209841023793,-0.377896422219157,-0.212788000004206,0.0470179958056277,-0.0279392426308625,-0.189942968329952
-10.1183781390417,6.93239259046279,-14.5488980867059,0,-0.267576172017318,0.224665825943828,-0.0802936879259533,-0.0170890390612535,-0.125684626596929,0.192760859809808,-0.0345324439449127,-0.0953724853399843,0.144604880996349,-0.0669476409160362
5.18395103351915,25.475611932007,1.7222905541131,6,-0.220064748705207,0.261216539393462,0.0352097809384225,0.107580054345033,0.134086352302555,-0.386691864307807,-0.19828140073602,-0.0319784923629436,-0.0511333581389419,-0.258357876989772
-2.79935815687433,5.65973889069806,18.842527735752,0,0.343877054302882,0.0372968974032275,-0.299241619874341,0.291248789227921,0.0804098192443186,0.167098972540169,-0.0106057285315985,-0.0835711279273254,-0.129939080367782,-0.115594502399092
-2.89975079444639,-20.6598549347576,-16.1529604612114,3,-0.468029199574979,-0.487895990805037,0.164881643737987,-0.15628583132413,0.277994872175203,0.0672740619159294,0.104022905332324,-0.0228271099093061,0.0889472888493916,-0.10164966829887
-8.28508289608864,-19.0482917215016,-17.3400424930371,3,-0.35023340765447,-0.502890881048788,-0.135110353266638,-0.225241560868279,0.0767320842077802,-0.0922924181939776,0.181832503618382,-0.211676802761041,0.0325501955051781,0.205779042012288
-3.2795546425729,-20.888911612972,-13.8917792708892,3,-0.365388065613529,-0.445095185686922,0.226612033236255,-0.0634735369107731,0.163453003887175,-0.0541229208105372,0.0796739458730237,-0.220243353048897,0.101582096526071,0.039625396052728
7.40160965444058,31.9778045737749,8.67916297389911,1,-0.144355959400387,0.195574427413496,-0.37698196887465,-0.0897472543142334,-0.0667671845146224,-0.359808464828099,-0.169334157859,-0.0496896196622328,0.1374806583883,-0.0867498225383127
-9.18286869592462,-16.2004094571858,-13.7065810221189,3,-0.284827623756728,-0.191614069009471,-0.322836802068959,-0.232832790408432,-0.180300790541393,-0.0442171406643716,-0.0805701295854492,0.00255679715691646,0.191541720095425,0.0215680967264847
-2.05038239064335,1.28185154630031,-19.5483834133538,2,-0.19258557423597,0.0733383935071422,0.165367515328158,0.356349830080814,-0.17713599096375,0.0431561110199555,-0.229399196645954,-0.209477416181947,0.100212160984881,0.11712830946396
-1.69280448326304,-17.3750134057767,-12.7737159580523,3,-0.303018375681149,-0.409796775594276,0.178381566041051,-0.222184397541248,-0.115536114783788,-0.181215639415172,0.0635692163242985,0.154402857613078,0.0871312320014772,-0.0163592584271513
-11.7716336224129,-6.54018383306637,13.4839138667025,0,0.453632616891673,-0.00463131391341364,0.0503019699991782,-0.099612480406697,-0.194532582726411,-0.0275818374511825,0.0543188212012324,-0.0671071147821003,-0.153105393307535,-0.0739030006477032
-6.66116787541237,-26.3697903862742,-15.4632462317142,3,-0.37764423589381,-0.336223486674833,0.109578118214152,-0.137401252749396,0.132297498286641,-0.122763100266322,0.1333694802616,-0.0707022244000085,0.0478231429245641,0.0331514563344111
2.09354853762148,25.4880083613758,-15.1207992342027,6,-0.393163010191115,0.116839558186223,-0.13398216196093,0.174184377600522,0.0528034856409126,-0.209737273125832,-0.0200668946077129,-0.00912150708108691,-0.202370104215137,0.255637437451139
-2.78217398773575,16.9678151307247,1.26423054577294,6,-0.264828521949804,0.155424170053734,0.0913454836583594,0.0921198243013226,0.0780879698203305,-0.0929132036163212,0.182778414481889,0.423583583747115,0.156104274784141,0.188698095168888
12.4105202477667,26.9397161524488,-4.06771856924522,1,-0.072695870801475,0.134944227774861,-0.181991285106968,-0.158791318961048,-0.0484434192325383,0.00128980885227355,-0.0642191008106015,0.00329887081706952,0.337943977638729,0.080501472591715
-2.25642808053237,-20.4408959195418,-23.0844520419945,3,-0.446339120486808,-0.312346239830742,0.118560890433924,-0.183144126956702,0.28103205552697,0.0728038453607026,-0.130795604623433,0.0133214080806177,-0.0477056197847105,0.0881293712891975
8.80843962782502,29.9904018121738,8.96669269679433,1,-0.187809474511776,0.188406145635564,-0.45568147300025,-0.0812337127148598,0.0549059667396698,-0.353085807344632,-0.20159718876717,0.06670593373259,0.0426818738122759,-0.181476387462009
-0.989210080420087,-10.9282474431226,21.2756305025004,0,0.303031060886826,0.00659877932774349,0.00708515526259689,0.089627322787677,-0.151225650836165,-0.00254771383045189,0.0204064738213008,0.0256053674695078,-0.0586239558309539,0.182910126518641
-7.91630274491197,-7.34815716968882,5.90343141383317,0,0.348710685057682,0.0615766710429882,0.140562364021276,-0.227719218174603,0.00880471524890712,-0.0912837924944321,0.226704685175407,-0.131817121082423,0.10173453492319,-0.0145024437808927
-6.25690696130429,-21.4011585331744,-16.9211052618949,3,-0.419468428228532,-0.446995771660027,0.112523370309923,-0.121551695959896,0.252705481399004,0.0177544854996608,0.0639851999937908,-0.2264030415991,-0.0738718608760111,-0.0880039063885563
-2.92843299662504,-18.382287052741,-27.490888845943,3,-0.404638291835583,-0.311175381600825,-0.0768170186554373,0.0618694105492808,0.328326805362112,0.0679857314493499,-0.0245312484508247,-0.0515672513445285,-0.0609234959438252,-0.0904443834676801
-4.25073658276432,-12.1527201958861,20.288159801873,0,0.415774993063068,-0.0660795514772435,-0.185566247549039,-0.196539258536329,-0.188859818187608,0.0451481943190161,-0.0653754244761637,0.233556040878269,0.0364063404628089,0.157836652757928
-12.8679237510322,-15.0408107865675,-12.5464339593499,3,-0.293730726535504,-0.248562769664041,-0.25853060695526,-0.300003456706867,-0.32496669633715,-0.0340837629657833,0.0282710167631291,0.0226441330280629,-0.0738178996916204,-0.0368837502215513
11.3527697807746,25.1233857285591,-2.51795521681438,1,-0.211446588266062,0.427771823708102,0.110442859933082,-0.069364693860087,0.158200283968928,-0.0992161259478809,-0.00848876971886199,-0.0802432414457062,-0.0133241079121656,-0.160756455838615
-0.13221718539028,-1.46801828637745,-31.0182799618103,3,-0.471814761176984,-0.516129124059485,-0.104450510479086,0.384855205448734,-0.278237325285647,0.129331255300642,0.0893812075838348,-0.0340043737320775,-0.00203379500650734,-0.0042667413304841
15.9290496461754,7.94403061062073,-5.04373456330994,6,-0.128037844466034,0.183101985088101,0.080191110415557,-0.135033964596583,-0.0150014147901315,0.0924288761898508,0.390950251485311,0.0721506104644752,-0.0256782351841731,-0.224453455983422
-12.6173141155834,3.03500109126787,-12.1172968020866,3,-0.189029695771519,0.0285777243652055,0.174205018194045,-0.0926265774639749,-0.0538384053809614,0.0615677845816381,-0.230683668595974,0.20295171945573,-0.108705485414858,-0.200868248316925
-10.3336723732562,-11.2742536092722,21.8225193159113,0,0.457437809030121,0.00203040929432786,0.112100340450008,-0.156088530008448,0.0419986984742366,0.081746982239948,-0.0269456404547858,0.0971474822092601,0.121597612025341,0.0170015369060657
-0.909875648461656,-17.6388554809598,-14.0793312590164,3,-0.312623316027542,-0.522789899057794,0.0158969307727027,-0.18643098991527,-0.0334329009284738,-0.179978092234565,0.0217000995888006,0.124643515996351,0.00894625211278181,0.264767537273624
-2.88043430984946,-7.50864229607424,17.0797809814974,0,0.48874586216683,-0.164161898966766,-0.00362893065576413,0.0522556758337,-0.0742111514139399,-0.0489144461966152,-0.196906184765726,-0.166302328132705,-0.178908439007845,0.152770733136611
5.27458537800652,9.83174808724884,-11.745946757657,6,-0.304254483919892,0.258322307974654,0.0588894212429109,-0.222137990528416,0.0588142435560168,0.162350084464162,-0.100448622899832,0.108714910327056,0.0239713880092857,-0.0120373472517525
-11.0486747277825,3.64234543245388,2.67761667493352,5,-0.0700800544802485,0.146530059538864,0.0815572148572155,-0.238220035125209,0.0132746432476514,0.0432175681993514,0.198669668745672,-0.0823934278794299,0.258808273782196,-0.212851081123906
-3.05925393545884,-1.7737350687443,-18.9093681682009,0,-0.17999150868951,-0.060376218534198,0.160368684619783,0.247793380726668,-0.0249890039760643,-0.0993108375781821,-0.0970058115870445,-0.244122006913522,0.216650516980688,0.0540397725615729
2.42834650531799,26.3244686115564,-6.47866397733429,6,-0.282034679408536,0.367147544180816,-0.150919117730922,0.276281585258168,-0.169965104906458,-0.116578349204076,0.159961949154612,0.0347506664682148,-0.207731176802478,0.0700628772074042
16.0769853455594,9.20993839104298,-4.90369277097378,6,-0.052434357099612,0.214183931290902,-0.249974492501848,-0.0588306613056362,-0.0291681806749889,0.133967308702981,0.440877387247942,0.0591773466698934,-0.106851919841431,0.167953761747245
-5.25454567207466,1.08166197253063,14.4428053004263,0,0.415694359261384,-0.0256587650257013,0.0203705271904412,0.078600728978344,0.0908810233372711,0.0292043469174776,0.0849055608700881,-0.0811836350805431,0.0181029050231842,-0.264227866320518
7.86909096567714,28.0639122271823,7.23394058550263,1,-0.239418892486227,0.128990908946009,-0.452240614446908,0.123020653537021,0.0248533947614912,-0.344067596052837,-0.308467918895947,0.0364842358892368,0.168760354588403,-0.29144917617942
5.37490638245227,-13.2689321052884,8.72235184468326,0,0.346686856561528,-0.185192024687932,0.170050775096298,0.286135957946704,-0.264455840318302,-0.0704515687808664,0.0614462667511493,-0.0303734727127775,-0.142070177897087,-0.104892034336665
1.15383421403157,0.142691137776952,23.2544755684275,0,0.460565417612885,0.0434737176567789,-0.356144188902816,0.0260989509437716,0.192521400639096,0.117506542230451,0.0186205713629019,-0.0277457599213466,-0.0230380446776988,-0.0660545357011729
-5.44660352071948,-8.69744366949881,12.1407668442622,0,0.406956293354592,-0.169916187195514,0.0196597573233204,-0.0491777598709382,-0.12049358120497,-0.138564882966466,0.0177096408990309,-0.127977063835703,0.0494266765781774,0.0809958110600882
8.56905074230872,4.34590187962715,10.1983319067395,0,0.283600645670185,0.036425366872044,0.0810200339648289,0.222536346421349,0.203316380862684,-0.135117500957145,0.0350070176788757,0.0336725940821149,0.145672440609125,0.00165547212467256
-1.52702652496892,2.42811537711455,-11.1989875080896,2,-0.200640481373127,0.229841308815621,0.196951948249904,-0.037039697515559,-0.179464171664256,0.044831672120788,-0.0689437754289421,-0.210851243378471,0.0551552880335968,-0.0302245663410514
-10.5754211568226,-20.358746959946,-19.0039179622483,3,-0.449487949500353,-0.407395680794829,-0.169651438790679,-0.121534356758629,0.175841873932069,0.0730260139292193,0.0070442114603302,-0.201078247462862,-0.0783925746081986,0.0145781185976595
-1.96483913269881,-8.17519190731977,26.1305784016395,0,0.433326374919571,-0.0854957009555302,-0.0845097219637541,-0.176073564203654,-0.0107317837308816,-0.0403506979844525,-0.00260022113959906,0.0171329857222855,0.0939184498020637,-0.00666568725847571
2.03110845019036,29.8441635722234,-12.0014008858016,6,-0.181751108044105,0.372853069147066,-0.0128108509003456,-0.131730755131517,0.114945877851324,0.0175904855061375,0.0439865109083935,0.0444313757512842,-0.153769453628078,0.01286101522149
-3.57627726982705,-11.2333880775344,8.84717769930141,0,0.427187214003304,-0.063992485555677,0.213775116010577,0.07014812889913,-0.074068117209727,-0.191317453793761,0.103417565557309,-0.107501873872116,-0.0799847516141708,0.0795291490544201
9.83036931206413,6.73981255313275,-17.6443807771009,6,-0.126881053780419,0.103074455610861,-0.0743847804857416,0.0379265749754533,-0.134080561488921,0.022950809940011,0.147255859029384,0.0293747508393583,0.00092763673446142,-0.159340891831535
5.64505943289762,-16.8382257787529,-13.1892224248216,3,-0.205316057803926,-0.15700584864354,0.207436802408063,-0.0382457642167733,-0.184154694831612,-0.0703341368165521,-0.138059519600475,0.203337014509837,0.162779058958287,0.132614984910411
-3.88987105695057,-20.3436056728841,-26.6038082996855,3,-0.27873262616255,-0.399161843644553,-0.0984554559295031,0.0777405567693958,0.258586090986077,0.105195879114746,-0.213277528139746,0.0673293474523871,-0.12881548209366,-0.00148169430851154
-4.57745684069613,-22.9075815139846,-18.3066857721849,3,-0.249090410185203,-0.497002112054117,0.18015295271677,-0.198498351135968,0.292544358214984,0.0140713153884758,0.14056669497765,-0.0996643673555765,-0.0493943604643073,-0.0127125843283906
-1.92469159695733,-9.34020986868896,16.2312462015366,0,0.46934760248598,-0.204903216258934,0.0534023036470627,0.010767476366607,-0.109912131447736,-0.141300429244835,0.0203109047620781,-0.108129945491645,-0.208698123488067,0.0365790282078899
1.62243640780934,28.9207984844159,-11.9696147398351,6,-0.141206558950394,0.326159446136549,0.044881197558813,-0.0647328512289575,0.13747189423738,-0.217228633878925,0.114051372462712,0.0950481462235602,-0.245446011888854,0.044001770382589
-8.45378292058113,-24.0166730148438,-22.788855328136,3,-0.249683241572735,-0.390412208784561,0.0403601949440117,-0.0953357718731,-0.0260307082665644,-0.134439485048776,-0.230204049349138,0.0760458256420695,0.000356594487843518,0.155905712272595
2.20933852634295,-9.1777190543631,27.1052453319936,0,0.418985243124981,-0.098920774050669,-0.108606390299514,0.130411372845975,-0.048963836789336,-0.0940040812716709,0.0918529811996592,-0.105627539672874,-0.0554126790201474,0.00895501324141988
-6.76029393103486,-15.810061046085,13.8853431857556,0,0.504319237424895,-0.150183591235824,0.283305757622849,0.031102233559225,-0.0456976042817602,-0.0286745191998441,-0.117490762858857,-0.00634554135747267,-0.0384573002325215,0.0107688963161666
-2.65307255380573,5.72254467668871,-19.8384798266624,2,-0.268813472398746,0.0798233090961177,0.20863979216756,0.343284345970351,0.00046660326824829,-0.0224907558166747,-0.128661608796689,-0.028761799894128,-0.0915359884068483,0.0578824908148436
12.2535246513351,6.58457240843452,-3.41199499864395,0,-0.0285929324343594,0.12310536326421,-0.0754429645693913,-0.13127020668097,-0.0382004619583401,0.0835058015036598,0.0104617608556833,0.142702553176932,0.233787154243324,0.065482705302394
-5.69963735831868,-14.3985808256631,-18.0640344791702,3,-0.405931789318385,-0.427743266489339,-0.0680764200245693,-0.0548745960619549,-0.0542805533784889,0.0319328931608499,0.0401831488666506,-0.0333311499033092,0.0332610234727597,-0.111143753105442
-5.1478020952247,-5.74220476414265,19.4132773223423,0,0.494792941381876,-0.183893332203596,-0.0929438830327485,-0.12225320124922,-0.0424581128095553,0.0817192753523829,-0.114961748657544,0.093318146179959,-0.0780454066843413,-0.0288087362362365
-4.46106698593188,21.0747406158942,-3.50626117360107,6,-0.317125951949449,0.21598808567667,-0.104358967035198,0.0395569475836507,0.0673518976583624,0.0173975680811383,0.327710736140615,0.264601569277112,-0.277986661551651,0.0698426261798865
4.6535705571439,26.1375159684881,-9.4264990982612,6,-0.21836457598487,0.252492585660237,-0.248369014899963,0.011033279896212,0.0425119453145796,-0.00341656998730534,0.263172545165724,-0.0893199816929066,-0.173592555280495,0.29269570314788
-7.27294769261832,0.535163546293437,17.8379966500501,0,0.451231539494457,0.069276145632108,-0.247643262975083,0.021026796990215,0.152097105038229,-0.0433278590486698,0.0881318217888088,0.00205093756710591,-0.179325380445296,0.0252109184149334
-10.3653259027624,-16.2214186719899,-12.2216695309673,3,-0.298392480414095,-0.213816687234003,-0.141936867606009,0.0184905283190563,0.0743479002020773,0.0279097458244369,0.23090733457657,-0.179005113646563,0.074197822420219,0.0514572078077523
7.99600494772655,3.61640755190439,10.7270882450924,0,0.256108017452411,-0.103192426983841,-0.0428063250664092,0.186215987056337,0.108653799439838,-0.01303151476074,0.169744422547883,-0.157935753875695,0.0946535305710139,0.0858464904547739
-3.04791991948581,-20.7727922490777,-28.5775349635988,3,-0.405390719580979,-0.21866623708581,-0.0338729699553906,-0.205637905595705,0.394302210132158,0.0817053943586825,-0.00356317039800157,-0.0558120323781014,0.113733879759253,-0.0466759695687373
7.28265942637425,-1.11309445349038,4.49966448522404,0,0.32390510161152,0.0617632615476689,0.201251276606451,0.0250390857669123,-0.0393434003433819,0.0681904326294198,0.301890752017083,0.00816073926654774,0.108278642205128,-0.118551888230129
-4.87460122076126,-19.059965683545,-27.5880610557594,3,-0.46157981822343,-0.45914454675258,-0.0499131339595363,0.0129847963076784,0.29163418785659,-0.0104948856234203,0.0541359968869933,0.0294549768306724,-0.220374125418655,-0.0724484222618849
-9.29014968605549,-10.9895680602902,22.563216815526,0,0.477835124481452,-0.0386530049144785,0.0040545378430347,-0.0815099390569569,-0.00549022066525903,0.0108170908075377,-0.121404556048451,-0.0562996578595895,0.0139302067974363,-0.0400017832307824
-4.69316950409044,-16.0427132903737,13.9514412011889,0,0.518726667425094,-0.132641351654904,0.180688848988138,0.0538826024263432,0.0501075670560943,-0.0887491266796801,-0.0630987200725945,0.0680232732677385,-0.164419159124562,-0.140977503058319
8.09359800392936,14.0180352951623,-20.0646558108495,6,-0.225733751599975,0.195945321469575,0.220654377566883,-0.338515518375707,-0.007174642801148,0.125754562740125,-0.216102567521718,-0.0765226436920491,0.0147275915401903,-0.0825755208727542
-2.97111292999031,-17.5188111276008,-15.591280303607,3,-0.387129241122262,-0.490145730254625,0.163192990403938,-0.116644749485835,0.135418863064326,-0.0636306703296365,-0.0228229811235924,-0.0869127893393717,0.051783313315294,-0.0477515973994426
5.07303135260982,27.3111043646372,-10.8193589704894,6,-0.249720373416923,0.414359173908041,-0.253331351306143,0.00139514548960433,-0.0543756213340228,0.0315482159525317,0.0555625928639675,0.0165735013979405,-0.278086834830444,0.272690696220591
10.9893553642762,26.4701993041466,-2.2679254848629,1,-0.242330593908184,0.400857395461068,-0.117221970925429,-0.00336302893337947,0.173321837346619,-0.165422606613457,-0.158575691177129,-0.221634034925577,0.0478625048029463,-0.091888422074961
-15.1196997056126,7.7065729448134,12.8961685362607,6,-0.0358185668481893,-0.0245362835112826,0.0389142782323783,-0.147558784469978,-0.0490627270339344,-0.0386159516715911,-0.133711911302664,0.0725965427746244,0.0459246802580344,-0.107977933107414
4.2104569167446,-15.78044970297,-12.100110327529,3,-0.210446975902914,-0.286812668752368,0.179455480166651,-0.0747997138137938,-0.0251527936817367,-0.128761236564995,-0.104015680340135,0.107146516184674,0.0133066072782408,0.0143836623135611
13.5399138970382,0.304307325384033,-6.06532817128471,2,-0.153941810217398,-0.0781111402066166,0.0729909403903473,-0.0553064790616344,-0.146345817893748,0.0604652323256626,-0.163604019315792,0.0039535657720202,-0.101459237895202,-0.11670297152987
-5.71082915291967,-4.23155005281976,13.1695140467604,0,0.276977406256002,-0.09849524069967,-0.220172627233707,-0.0081448833669916,-0.0909676818730752,-0.0094562182912383,0.192658462156683,-0.316105212989406,-0.0481513860486156,0.142909807313812
-3.88278704666107,-18.5833877508191,-26.1912669314905,3,-0.468979967188499,-0.441525663748913,-0.0697740928220291,0.0389218642290673,0.294556597657164,0.0391179961546864,0.0506083911682952,0.0110716230379594,-0.0424845510901965,-0.0465156144478782
12.7033220459209,16.0265310398094,-15.4405445568263,6,-0.195297534010456,0.27506659380212,-0.176016350800797,-0.227915180103518,-0.186574199192785,0.187147664061132,0.173092776092083,-0.128392394464864,0.0719180503189412,-0.0644695041220272
4.05428243543888,23.1310018922016,-4.73633833971236,6,-0.259938000218256,0.324882644889805,-0.0831214201416181,0.33572537442359,-0.0549631093504262,-0.167457247200112,-0.0761530668344647,-0.112048893036679,-0.143196841222675,0.307135920529662
1.09619462202242,3.23197123652301,16.9432364177292,0,0.052178971268863,0.10514790436676,-0.185214853534202,0.378902163511082,0.22801582120746,-0.196221714404309,-0.0775001226744733,-0.217590278432051,0.0699369820068694,-0.139601348306766
6.96319974047111,24.0596379832319,-0.406613105659481,6,-0.203234486368619,0.273494678787019,0.127801377939239,0.186326799205858,0.179767298665874,-0.276811001236562,0.0226000824890575,-0.0185342558665741,-0.206777889817683,-0.140558960726205
-9.95572565482406,-9.02820750333806,21.3732230360969,0,0.440446835077398,-0.0345227693499042,-0.114364431604127,-0.106679155647306,-0.0146708833957157,0.0765855761263292,0.131760170720534,-0.109234731932145,0.0840240435942084,0.137045138417723
-3.68579581596384,21.6991080320781,-1.59986649226924,6,-0.306008775842114,0.239886314513757,-0.0410591347475379,0.0515879403981963,0.153776767882527,-0.141380651507124,0.168601709700853,0.323489669320811,0.154873799422137,0.0482339935984685
5.53556979521503,-7.43831609969476,13.1052616422096,0,0.470952626917436,-0.03377522820966,0.198783854518393,0.0832370375493381,0.0979796473913335,-0.150622321714006,0.0396070996806662,-0.127810547811544,-0.105454985998428,-0.00554309139856344
7.822806094902,6.20304308313112,5.75106989777708,6,-0.0436738146361567,0.100989338646074,0.146565656344231,0.244960733704575,0.306663051244147,-0.108251612338597,0.052153796909081,0.00948844482881662,0.31668520193382,-0.0349656918587744
1.92910428794787,0.266465926365924,15.7232366024233,0,0.387695132167519,0.0103573692765513,-0.224381564693482,0.112150496875375,0.165131383289943,0.00960498757118826,0.0223838555582609,-0.242965430620566,0.152021517573907,0.168430918867913
-4.52320970147878,-10.5168883901822,19.1767714413075,0,0.416082651641581,-0.0795104426606396,-0.21284073622251,0.0191939571209197,-0.27386631396926,0.0306875325455387,0.0411503439474391,-0.0233861710772484,-0.00872601388117564,0.0501343201973163
1.18665592769309,-12.9019275949771,15.3441412000972,0,0.447606004197983,-0.0866366938237434,0.0521295966286146,0.0311985714547048,0.131108953805905,-0.117739201028403,-0.00411921119328218,0.0275151949489456,0.118739023905574,0.137328879384338
11.4388971962435,26.1952930818507,-0.900670965028813,1,-0.110609139863976,0.341499221402385,-0.0768251084638736,-0.204138022863125,0.0212834154956634,-0.369195284614565,-0.158742057518131,-0.084280956267327,-0.103315622249978,-0.0633918172797666
-9.04503551770856,-3.54396741606709,10.5482793740112,0,0.465739705221478,-0.0393818772618427,-0.0000301659357019952,-0.205690655266887,-0.0912116789851729,-0.0437806557528707,0.216740192052712,-0.0397498022185515,-0.147680049234727,-0.0707602266736786
6.09390133689936,7.5763497928338,-19.4365025837117,6,-0.248337643455416,0.153688743573694,0.218670077477228,-0.0394147480170849,0.11952979439614,-0.0661288372572741,-0.18808240112711,0.0830831767843963,-0.0928170905132845,-0.0432354679252074
-10.0346594065056,5.27522137176396,-10.7282373375655,0,-0.179501864701206,0.19634738584444,0.142893144345758,-0.0865236871579745,-0.0280720271038023,0.114785234973174,-0.11468128036051,-0.0512020429715184,-0.100498791687554,-0.130952580316213
-2.77159974963473,5.27784427869879,22.4021384802347,0,-0.0179193467975283,0.0247265560208396,-0.076251980587388,0.116366004753094,0.128157373116125,0.323893621538478,-0.00700488070808476,0.0939945613277387,0.047619884587321,-0.240346652605168
10.0012786178505,17.3242764869136,-23.4720142783706,6,-0.263939823921243,0.174508823713165,-0.276209422659078,-0.0957620249098986,-0.0926712211375219,0.16795092870079,-0.289839386550985,-0.138607050145223,0.0236812508046044,0.214717290613812
-13.5335573764496,-0.946364325590541,10.4396452818945,0,0.433866291994481,-0.0822602120058578,-0.176541153534072,-0.22364604923447,-0.227521548975709,0.123308608283692,0.1022073860651,-0.00998867098771179,-0.106162416042646,-0.0233118839088952
-5.04143376436869,-23.3642836277835,-15.8116952775933,3,-0.380895894332202,-0.419773716560645,0.120987909392572,-0.191357433079981,0.278556179819341,0.0375321297067003,0.117344627432894,-0.125831468470718,-0.0944841648761183,0.00602476777046518
2.80624811374506,-22.4696970744338,4.58650101303512,0,0.160155726125752,-0.0775037693051554,-0.0349007396252315,-0.0117974059644261,-0.147943231388483,0.0626957034633415,-0.267474127036973,0.0726853622693241,-0.0219363965214133,0.0783352061340742
-10.0526525423327,-19.4475213822173,16.9585111606232,0,0.00302033036324209,0.0125486705191345,0.130348047763134,-0.283509146689269,-0.287270408403881,0.0457627754817153,-0.252182693468861,0.0818441611208048,0.0536131477222774,-0.101766697084006
-1.53017027741346,7.76363832854294,-13.5530126768635,6,-0.221366028723067,0.3480333657117,0.293785271171429,0.0316586931900773,-0.134857364467772,-0.0213797703189697,0.168197523001726,0.00144783972260215,-0.043807687149036,-0.0814162412902705
-5.36310195495829,2.70317112377178,21.3111617975809,0,0.23069158241059,-0.00111594246637612,-0.212178818234784,-0.00425402995318427,0.0257196072405004,0.153873052691743,0.0725898340464387,0.0392580765023179,0.167835564609919,-0.0735425462363468
-3.82078157985513,-5.8776191953618,18.5727957592808,0,0.54736929250767,-0.0624108561890598,-0.0865429590283101,-0.00646692728064577,0.0702481453862538,-0.0463016263490225,-0.00696166142266128,-0.188770060773945,-0.0618384280764179,0.137606187510389
0.82238374830191,1.36091591943109,19.8755068364645,0,0.337569614402927,-0.0106887064429265,-0.109137782884789,0.183680330368456,0.164437583372562,0.174559312099208,0.14978050421264,0.0681791992429097,-0.213238149113392,-0.0139319862135262
-14.019093605165,-5.79871666585234,13.7272141741876,0,0.384987496911519,0.0260279966236171,-0.0183838785993328,-0.213119787539553,-0.0697842794945703,-0.0915957505338151,0.214280225169142,0.00706034318457001,-0.128443106536181,-0.0531233087505433
-3.26113362551562,-18.2067102856561,18.6667094172812,0,0.455112614754542,-0.198047115632515,-0.024615256025112,0.049758912020828,-0.0183713573709365,-0.0356565385585925,0.0279169719877491,0.0317895073032829,-0.0423813755063986,-0.0469183782963542
-4.7655066955979,-22.3730381598906,-15.9782384005974,3,-0.331924615754868,-0.414485543414754,0.201112429618127,-0.284122882407771,0.189332834066617,-0.100466987599206,0.128091108290812,-0.090353088910018,-0.123262452356282,0.0419886639230962
-3.38881017310785,-20.3407585919306,-16.2968636160938,3,-0.362180280411578,-0.496531931792243,0.105812933453576,-0.159241451717747,0.264859423037454,-0.120868782270305,0.17087582396551,-0.164426265769243,0.0107019415250207,0.0667824178611565
-9.40130474337839,-10.761463232137,13.0817875489557,0,0.483829351759821,0.00763259892284229,0.0733044553002704,-0.266532830892168,-0.0669485163720093,0.037531582896176,0.0271200029027143,-0.00793879404281352,-0.0230242408585044,-0.0016116816545531
5.21376385193965,0.476732497325292,19.4961493118125,0,0.264916362186682,0.0363284130346708,-0.106871612534584,0.324668846926074,0.377991595330688,0.107629155819989,-0.0578067385612653,-0.249271135592971,0.102246101879263,0.0841498270962994
-0.279761803123551,-2.40491022935262,-31.8829067893705,3,-0.487122322880388,-0.573982722748237,-0.0770780638977156,0.363004120027787,-0.220360422002771,0.11334402930417,0.117354464950873,-0.019281777703775,-0.0146977392225696,0.00574216821655977
-9.11783824854916,-1.17705606935108,17.6316310834756,0,0.434899155160387,0.043992452383539,-0.170545357849905,-0.28640288758649,0.000487354511843352,0.0974110561818755,0.0904802579656548,0.0552848819436595,-0.142854975493923,-0.00236281814981354
5.28611194930606,10.66766339759,-18.7317112181336,6,-0.208665877719175,0.256008041161788,0.0943687881295992,-0.0740419000384942,-0.0890994915277472,0.109779175582562,-0.171735671455464,-0.145837610828902,-0.183327472288324,0.179990869646741
-8.63563100970489,-20.6223045046985,-17.7071125579441,3,-0.384483939316455,-0.194525588053641,-0.179692553228415,-0.25315076978644,0.150832303390545,0.205510798931636,-0.0577430436187285,-0.167770581903815,-0.0079342785285631,-0.157748116058478
0.359433850037277,-11.1153865577279,11.520009811564,0,0.461261524146866,-0.212986524104559,0.0845636600890385,0.0788152538528493,-0.0695277121826705,-0.210800732602507,0.0507311428369458,-0.0198380336261778,-0.00811994984388405,-0.010346061554652
-3.70263375500221,-1.06915316221122,-19.2178045319442,2,-0.17428736078587,-0.0679501691916728,-0.0166004115440442,0.155560335086889,-0.0797237733311157,-0.0787504803142232,-0.0675467803168616,-0.148700977869925,0.0850411015971692,0.109461167507802
5.03862328746287,-9.66105834747153,25.4322954899591,0,0.362150365813967,-0.0937910448699996,-0.0387860976909415,-0.152901644905429,0.0369008702977975,0.0721584008774182,-0.0920085359805328,0.295503603805545,-0.0532417406274318,0.0371769788168942
-7.65981426850085,-19.8322177765386,13.8710819492909,0,0.427634077726364,-0.252376451758483,0.128484973261218,0.011186338053644,-0.0264085071191961,-0.179818417792639,-0.126358825271031,0.109476339109296,-0.115139879571287,-0.0291114394712818
2.37398933121891,22.323015772886,-6.40862715227987,6,-0.330223202655634,0.233818215986543,-0.0531422542099424,0.362082485795451,0.10244967396645,-0.0177326655254523,0.0292987315739134,-0.208362482113789,-0.261687620723339,0.0794033086449225
8.05869870969041,9.5151102148358,21.5660485851567,0,0.0039405118243554,0.0263525214251151,0.124565227990008,0.0621586942154958,0.0677945210012287,0.187100145107591,0.127086045537282,0.260214835203872,0.216338074594313,-0.0298593783815844
-7.22398735643283,-18.8918015859399,-20.0826560945559,3,-0.44221323810374,-0.51404577513054,-0.184085290355705,-0.121662893690347,0.1224602024643,-0.0580176694544098,0.138313647058957,-0.0914073368687297,-0.0292544577720335,0.0361558627274981
10.4273646424626,5.24408087224312,25.3708834095216,0,0.17097463351431,0.262800210724747,-0.00449150415417459,-0.0942776432576209,0.248156930695425,0.368083991682638,-0.0182309361001027,0.199384504734067,0.0793761954221009,-0.00259233434165489
6.97629104882357,-0.231914798275813,21.6142832267943,0,0.353685213562675,0.0289675412695375,-0.0562562318023272,0.0523386755159574,0.172001777046239,0.14162896191585,-0.0866864696180351,-0.168835561767957,0.0610750465083983,0.195171422041253
2.51011702672372,25.3081396130154,-15.3342211621515,6,-0.337946557177748,0.146541641414024,-0.149615770992939,0.0746337942238942,0.170526489041737,-0.147191198051943,-0.0846623563329693,0.118195436762151,-0.14981570839416,0.256810810494244
6.88427077915645,16.5838206901624,-23.0382473043677,6,-0.201033216422333,0.283120328625627,0.223358495391907,-0.0352717616905905,0.0257353878725854,0.135100306641874,-0.276845517759294,-0.0819489473895809,-0.0429885396604201,0.0207144472459874
4.85870790872834,27.4943181400145,-11.7314917466311,6,-0.224021886741803,0.273077268206973,-0.313855099175402,-0.031372467577872,0.0207070685781675,0.0558040960134156,0.0442063849738945,0.0990193027138032,-0.139111971596665,0.148378732559323
16.7512447863049,1.59908146274251,-7.12395754099511,6,-0.0723785866399834,0.0220389951506634,0.119868114486915,0.0679428853062004,0.0798558822230285,-0.0602896206611096,-0.0790494856199262,0.0250069091654262,-0.189202096164064,-0.201722434887813
-1.96712303772894,0.100364438956959,-24.3241051101629,2,-0.347118239958371,-0.128807806102239,-0.103230434863489,0.505790450793298,-0.28744962905011,0.034472990134853,-0.0412746705115034,-0.109680091380006,-0.0179298112097348,0.0600310399892904
-3.06934200409628,-25.3851845273726,-15.9372157040814,3,-0.186861634634619,-0.342147394865959,0.118126685754402,-0.121130934508371,0.0938672151445016,0.00107939667056771,0.0387897106403744,-0.0680336371030149,-0.220483730767697,0.0118255658649717
-15.1209199859775,7.63319126661732,12.5829410060253,6,-0.0798221987824343,0.0536364494402233,0.149795322311151,-0.132114637022502,-0.0305067575123489,-0.0251660956678669,-0.0788120009431627,0.206002899279369,0.218076205645285,0.00710836228251745
-6.65042891723799,14.8272278765062,-15.5909835931806,0,-0.128373972092517,0.107903089300277,-0.051166138553556,-0.0192355110822616,0.0728142856426993,0.201725618018672,-0.272334588512899,0.068324370154969,0.123585433616397,-0.0313869559987044
-7.87768105338262,-22.4068185045013,-24.3197424757604,3,-0.442890157414031,-0.219532926019743,-0.106342938869669,-0.150913961661982,0.111662451838505,-0.034818962201583,-0.15388603716396,0.107758808233451,-0.0311451605813898,0.0182700462752913
5.17941808756541,25.3079306217016,1.50998577314167,6,-0.321014212586949,0.332421812385556,0.0538599601467414,0.121302739725177,0.162951172804319,-0.332515487363676,-0.252076383417278,-0.128529095444244,-0.106016771177228,-0.203977140179999
5.34073865057259,27.7033003921253,3.623831713521,6,-0.258169306914288,0.235020199013728,-0.121697378105485,-0.0427659406534401,0.0778927047566427,-0.438403340058728,-0.147140609991092,0.00962644703495068,-0.0841936857218374,-0.24816284412697
5.71687235850156,32.2176813634128,2.69277810197472,8,-0.197920225716984,0.0804583894857118,-0.32315624468309,0.0113733938541296,-0.222352798717774,-0.262366029457064,-0.0597409989627933,-0.0299080491027699,0.0268069275431484,0.118126175073906
-2.13342654919179,-17.1597900114836,-19.0261466796283,3,-0.386401722481046,-0.540157344436383,0.0763245011958003,-0.126252866741266,0.0730601169194827,0.0647951510581587,-0.0637858145258513,0.160270955995642,0.0355619152139272,-0.0199699420272141
-10.7749520567666,-18.1604498870235,-19.5309321801422,3,-0.420763106794038,-0.426255867103942,-0.111417674735146,-0.21661711034138,0.0547489423723985,0.00184882285125298,-0.0238504956127189,-0.0592321504627571,0.0807407835300852,0.102453476351711
-12.4028275065893,-11.7138691828124,7.02112725841114,0,0.264801650989262,0.0607697827285351,0.128044250566624,-0.293039437162938,-0.111199706848387,-0.00720639337708775,0.117538329429197,0.0453660144076836,-0.152886998130619,0.0832304248657404
-4.56145918509336,3.00219568638608,-21.9195312916708,2,-0.375595626412854,0.0532218262800596,0.0410458993771784,0.354126725566592,0.0352177587302937,0.164681105240391,-0.186800970103643,-0.143872146227301,0.0466113668706608,-0.143000596960852
-9.57009291911293,-0.693267627930103,17.3937501771368,0,0.447017956632057,-0.113755588036038,-0.0502667568794341,-0.153768267397074,-0.0512522953967102,0.101949468919068,0.114890624620248,0.101871485944067,-0.168140734216573,-0.179801707957821
2.4055419283786,0.294616709831072,24.6396773903615,0,0.314073728125176,0.0310953119883352,-0.167027386512548,-0.0131446593775422,0.30324726001522,0.221573347681029,-0.0688430898485101,0.0166448296061603,-0.0869797162364019,-0.222924333210527
2.45147646064199,24.7651820023138,-13.9840714777721,6,-0.377079949497472,0.282523958750742,0.125496352330033,0.0667704165759891,0.0581081732300228,-0.0986958010655914,-0.00505020866294714,-0.123192540630967,-0.257931643756791,0.220024195666002
10.6154311589806,26.0268178259737,-0.191311064439159,1,-0.12692048128269,0.256897574959062,0.083863351039485,0.0856506355873299,0.170850242498524,-0.414291813031913,-0.0676655742437008,0.141432197874797,-0.013707569482701,-0.191894727746591
-11.7362364757917,7.23729770701449,-2.58885125490866,0,-0.0922144987983688,0.068813187171625,-0.152763553325244,0.00411286549442577,-0.141253396097504,-0.0186934714821271,0.144687979306634,0.253817644670798,-0.0724134568176035,0.0228966013047895
1.02041912730452,6.56422214531489,-10.7058888366375,6,-0.210616885098925,0.36142122732694,0.33402807942719,0.0266541574556115,-0.0541363140346139,-0.0645906419123512,0.0501667565989133,-0.0311541514300954,-0.0316034821318634,0.00486280757294018
-4.6478060275635,-17.5139825897534,-25.1932764953887,3,-0.53512851024177,-0.426094374393375,-0.0846196368979964,-0.0434176742401238,0.276803408959687,0.098453158201462,-0.000118698092325344,-0.0933293617327712,0.0363664969216466,-0.0383268350528561
8.88883590512962,26.9223043645088,-9.91516535840982,6,-0.170739963247338,0.148500952109984,-0.15055461608875,-0.225826449155845,-0.038518804600991,-0.00897705502766745,-0.085496463748108,-0.0240257261052802,0.076410610847302,0.273862663643606
-0.746693330070805,1.4222496864454,-30.9630580666235,3,-0.417269413109013,-0.341698105858377,0.0221201879805326,0.250383152099627,-0.0295457200519066,0.134469132632137,0.114125450983515,0.162340041811928,0.122855275089266,-0.126446528789654
-0.46550090962862,-0.313595738697654,-7.81350674546624,0,-0.139376274583021,0.234074357563036,0.12436419381024,-0.22258504203464,-0.040288184730212,-0.00234073055132191,0.0671309352911938,-0.166537491523066,0.198231575357925,0.125348232573281
